Designators,Child,X-Column,Y-Column,Rotations
R1007,0RJ5101C678,178.949997,46.849998,270
R1102,0RJ3602C478,236.399994,161.300003,0
R1103,0RJ1503C478,238.199997,161.300003,180
R1104,0RJ3601D677,237.600006,149.649994,180
R1602,EBC34656201,178.75,36.650002,270
R2352,0RJ2202C478,176.5,99.5,90
R2354,0RJ0752C478,179.449997,107.5,90
R2402,0RJ1003C478,167.5,130.75,90
R2405,0RJ5102C478,169.699997,132.149994,180
R2408,0RJ4701C478,181.25,122.900002,0
R2409,ERHY0000124,168.149994,123.949997,90
R2412,0RJ2402C478,168.149994,125.949997,90
R2413,EBC40092901,162.050003,154.399994,270
R2426,0RJ2702C478,161.050003,154.399994,90
R2427,EBC41607701,161.050003,156.199997,90
R3808,0RJ3302C678,84.199997,63.150002,0
R4102,EBC32176201,16.299999,140.0,270
R4116,0RJ3301D677,11.25,127.349998,90
R4120,0RJ6801C678,32.75,150.350006,90
R519,0RJ1302C478,162.5,102.25,90
R5238,0RJ2491C478,81.599998,122.900002,270
R6017,0RH1502D622,15.0,102.699997,0
R7004,0RJ0000D677,20.65,79.0,90
R7209,0RJ8200C678,233.850006,48.450001,270
R7300,0RJ2000C678,61.75,148.949997,180
R7303,0RJ2401C678,61.75,146.949997,0
R8731,0RJ2201C678,179.149994,73.75,180
R8745,0RJ4700C678,208.800003,23.700001,270
R8900,0RJ2002C678,71.5,41.900002,180
R9293,0RH7501D422,209.25,153.550003,270
R9294,0RJ5601C477,209.25,150.600006,270
R9296,0RJ6801C478,227.899994,136.199997,0
AR100,EBC32260601,133.850006,131.050003,180
AR3300,EBC62798406,72.5,23.15,0
AR3301,EBC62798406,75.5,23.15,0
AR3315,EBC62798406,82.400002,86.599998,270
AR3316,EBC62798406,82.400002,83.599998,270
AR3319,EBC62798406,78.5,98.550003,270
AR3320,EBC62798406,81.25,96.349998,270
AR3302,EBC62582701,68.050003,21.9,0
AR3314,EBC62582701,81.699997,89.550003,270
AR3318,EBC62582701,64.25,100.0,0
AR800,EBC62582701,199.5,116.050003,270
AR801,EBC62582701,139.800003,69.800003,270
AR802,EBC62582701,10.3,35.5,270
AR803,EBC62582701,35.0,73.699997,0
AR808,EBC62582701,63.349998,160.149994,90
AR900,EBC62582701,157.899994,42.849998,90
AR3311,EBC62582703,65.199997,101.800003,180
AR3312,EBC62582703,83.5,89.550003,90
AR3313,EBC62582703,68.050003,24.15,180
AR4100,EBC62582706,15.15,148.149994,180
AR4101,EBC62582706,13.15,148.199997,180
AR7200,EBC62582706,237.25,77.050003,270
AR804,EBC62582706,56.25,172.550003,270
AR805,EBC62582706,101.5,115.300003,270
AR600,EBC62582702,118.900002,81.849998,270
AR8800,EBC32260401,156.649994,117.949997,270
AR8801,EBC32260401,152.899994,115.199997,90
AR901,0RZZH033273,158.550003,59.099998,270
AR902,0RZZH033273,156.300003,60.650002,270
AR903,0RZZH033273,155.699997,35.349998,90
AR904,0RZZH033273,158.5,50.799999,270
AR905,0RZZH033273,157.899994,37.0,90
AR906,0RZZH033273,155.699997,38.950001,270
AR907,0RZZH033273,156.300003,57.049999,270
AR908,0RZZH033273,157.899994,46.25,270
AR909,0RZZH033273,155.699997,44.299999,270
AR910,0RZZH033273,158.600006,55.299999,270
AR911,0RZZH033273,155.699997,48.650002,270
AR912,0RZZH033273,155.699997,41.549999,270
BA6100,MEG41035801,236.050003,103.349998,90
C1000,0CK104BH56A,186.149994,158.949997,0
C10001,0CK104BH56A,58.75,71.900002,180
C2398,0CK104BH56A,206.949997,83.449997,180
C2401,0CK104BH56A,204.850006,78.300003,0
C2411,0CK104BH56A,186.600006,118.699997,180
C2416,0CK104BH56A,187.75,123.5,180
C2420,0CK104BH56A,163.949997,148.25,90
C2421,0CK104BH56A,157.5,147.350006,270
C2433,0CK104BH56A,180.800003,86.75,180
C7000,0CK104BH56A,10.95,72.449997,180
C9103,0CK104BH56A,85.099998,163.899994,270
C9105,0CK104BH56A,135.899994,164.399994,0
C9235,0CK104BH56A,218.850006,165.199997,0
C9272,0CK104BH56A,227.300003,143.149994,270
C9284,0CK104BH56A,203.600006,136.0,270
C9377,0CK104BH56A,218.699997,109.199997,90
C9384,0CK104BH56A,210.949997,100.449997,0
C9390,0CK104BH56A,210.949997,103.949997,0
C10000,EAE61081701,58.0,73.650002,180
C1003,EAE61081701,186.0,153.350006,180
C1005,EAE61081701,186.0,156.100006,180
C1103,EAE61081701,238.199997,154.149994,0
C1104,EAE61081701,238.199997,151.550003,0
C1600,EAE61081701,185.399994,41.5,180
C2399,EAE61081701,205.199997,76.550003,0
C2412,EAE61081701,187.0,127.849998,180
C2413,EAE61081701,187.0,125.300003,180
C2419,EAE61081701,165.75,149.0,90
C2431,EAE61081701,168.300003,149.0,90
C7005,EAE61081701,22.65,79.349998,270
C7006,EAE61081701,30.25,83.099998,270
C7007,EAE61081701,27.75,83.099998,270
C7009,EAE61081701,44.150002,77.800003,270
C7016,EAE61081701,25.25,83.099998,270
C7305,EAE61081701,223.25,170.399994,0
C7319,EAE61081701,162.0,176.649994,180
C7322,EAE61081701,156.550003,175.25,90
C9223,EAE61081701,212.800003,134.699997,180
C9237,EAE61081701,219.75,158.899994,90
C9239,EAE61081701,223.0,138.449997,270
C9243,EAE61081701,231.149994,163.649994,0
C9244,EAE61081701,231.149994,161.149994,0
C9276,EAE61081701,231.100006,149.300003,0
C9277,EAE61081701,212.800003,132.199997,180
C9286,EAE61081701,206.399994,135.25,270
C9287,EAE61081701,208.899994,135.25,270
C9374,EAE61081701,226.949997,122.5,90
C9375,EAE61081701,229.449997,122.5,90
C9376,EAE61081701,232.0,122.5,90
C10002,0CZZB00110A,74.099998,69.099998,270
C10003,0CZZB00110A,71.5,69.099998,270
C5205,0CZZB00110A,71.849998,107.199997,270
C10004,0CK104BF56A,57.5,67.300003,0
C1300,0CK104BF56A,181.253006,163.0,0
C1301,0CK104BF56A,179.100006,158.699997,0
C201,0CK104BF56A,118.349998,92.949997,90
C202,0CK104BF56A,117.099998,92.949997,90
C203,0CK104BF56A,115.75,92.949997,90
C213,0CK104BF56A,112.300003,92.949997,90
C214,0CK104BF56A,110.849998,92.949997,90
C215,0CK104BF56A,114.699997,92.949997,90
C216,0CK104BF56A,113.349998,92.949997,90
C229,0CK104BF56A,200.899994,67.449997,90
C2307,0CK104BF56A,158.0,114.25,180
C2308,0CK104BF56A,164.0,97.75,90
C234,0CK104BF56A,110.599998,94.349998,0
C235,0CK104BF56A,108.800003,91.050003,270
C237,0CK104BF56A,119.774002,91.536003,0
C238,0CK104BF56A,119.550003,87.599998,0
C239,0CK104BF56A,216.300003,67.099998,0
C240,0CK104BF56A,212.800003,67.099998,180
C2408,0CK104BF56A,164.25,136.25,180
C241,0CK104BF56A,210.75,67.099998,0
C309,0CK104BF56A,127.800003,134.100006,180
C317,0CK104BF56A,127.800003,133.050003,180
C319,0CK104BF56A,154.5,115.550003,90
C329,0CK104BF56A,138.699997,90.25,180
C331,0CK104BF56A,127.800003,132.050003,180
C334,0CK104BF56A,141.350006,153.550003,90
C3428,0CK104BF56A,39.099998,150.850006,90
C406,0CK104BF56A,148.25,121.25,270
C4100,0CK104BF56A,16.299999,142.0,90
C4101,0CK104BF56A,12.8,119.099998,0
C4124,0CK104BF56A,15.3,142.0,90
C4125,0CK104BF56A,14.65,150.449997,90
C425,0CK104BF56A,153.350006,132.899994,0
C428,0CK104BF56A,148.75,123.75,180
C429,0CK104BF56A,153.350006,133.899994,0
C5000,0CK104BF56A,56.349998,124.949997,90
C5002,0CK104BF56A,56.349998,113.550003,270
C5200,0CK104BF56A,62.0,107.949997,90
C5207,0CK104BF56A,87.550003,118.650002,0
C5208,0CK104BF56A,75.900002,117.400002,90
C5209,0CK104BF56A,81.599998,110.949997,270
C5211,0CK104BF56A,87.550003,115.949997,0
C5213,0CK104BF56A,89.349998,119.400002,0
C5214,0CK104BF56A,86.849998,120.150002,0
C5218,0CK104BF56A,92.050003,115.75,270
C5219,0CK104BF56A,93.300003,115.75,270
C5220,0CK104BF56A,93.75,117.699997,270
C5221,0CK104BF56A,95.0,117.699997,270
C5231,0CK104BF56A,79.800003,109.150002,90
C5233,0CK104BF56A,74.900002,117.400002,90
C5238,0CK104BF56A,84.650002,110.949997,270
C5239,0CK104BF56A,82.599998,122.900002,90
C5240,0CK104BF56A,80.599998,122.900002,90
C5241,0CK104BF56A,87.550003,117.650002,0
C5242,0CK104BF56A,83.599998,110.949997,270
C5302,0CK104BF56A,54.75,165.050003,90
C6309,0CK104BF56A,21.15,140.550003,0
C6510,0CK104BF56A,15.05,35.049999,90
C657,0CK104BF56A,110.349998,113.900002,180
C7017,0CK104BF56A,34.549999,75.75,90
C7250,0CK104BF56A,90.199997,133.149994,90
C7251,0CK104BF56A,85.550003,130.199997,180
C7252,0CK104BF56A,90.199997,136.350006,90
C7253,0CK104BF56A,90.199997,138.649994,90
C7254,0CK104BF56A,79.550003,132.149994,180
C7255,0CK104BF56A,233.199997,54.599998,90
C7256,0CK104BF56A,230.449997,54.599998,90
C7257,0CK104BF56A,228.949997,33.849998,180
C7258,0CK104BF56A,232.050003,33.849998,180
C7259,0CK104BF56A,18.049999,106.150002,0
C7260,0CK104BF56A,21.0,106.150002,0
C7263,0CK104BF56A,223.600006,48.400002,270
C7264,0CK104BF56A,226.350006,48.400002,270
C7265,0CK104BF56A,224.600006,63.400002,90
C7266,0CK104BF56A,227.949997,63.400002,90
C7301,0CK104BF56A,56.049999,149.0,180
C7308,0CK104BF56A,208.649994,169.300003,90
C8714,0CK104BF56A,222.149994,33.150002,270
C8715,0CK104BF56A,205.600006,52.599998,180
C8716,0CK104BF56A,212.800003,23.700001,270
C8723,0CK104BF56A,222.149994,37.0,270
C8733,0CK104BF56A,181.25,78.349998,90
C8804,0CK104BF56A,163.0,97.75,90
C8805,0CK104BF56A,158.300003,117.699997,270
C901,0CK104BF56A,113.650002,63.650002,270
C903,0CK104BF56A,144.199997,61.25,180
C904,0CK104BF56A,159.5,48.049999,90
C905,0CK104BF56A,170.850006,55.150002,270
C9273,0CK104BF56A,239.050003,140.149994,270
C9301,0CK104BF56A,67.400002,174.399994,0
C9370,0CK104BF56A,71.75,163.0,90
C9371,0CK104BF56A,72.75,163.0,90
C9398,0CK104BF56A,65.849998,175.149994,90
R3314,0CK104BF56A,62.75,21.299999,180
R3379,0CK104BF56A,58.5,98.800003,180
C1006,EAE62771201,176.300003,176.600006,180
C5308,EAE62771201,43.650002,164.449997,0
C5309,EAE62771201,43.650002,174.550003,0
C6010,EAE62771201,30.799999,101.400002,180
C1008,0CK101BK4EA,198.899994,164.050003,0
C1009,0CK101BK4EA,204.300003,164.050003,0
C1010,0CK101BK4EA,200.699997,164.050003,0
C1012,0CK101BK4EA,202.5,164.050003,0
C1610,0CK101BK4EA,179.75,36.650002,270
C2409,0CK101BK4EA,181.25,121.849998,0
C4110,0CK101BK4EA,22.75,154.0,180
C7300,0CK101BK4EA,231.0,173.649994,0
C1100,0CK104CK56A,236.649994,163.5,0
C1102,0CK104CK56A,236.649994,160.149994,0
C1601,0CK104CK56A,188.050003,39.349998,0
C1621,0CK104CK56A,186.899994,33.5,0
C5320,0CK104CK56A,23.35,161.149994,270
C5321,0CK104CK56A,21.049999,166.149994,270
C5322,0CK104CK56A,19.75,168.449997,270
C5323,0CK104CK56A,19.65,174.600006,270
C6004,0CK104CK56A,32.349998,112.900002,0
C6005,0CK104CK56A,34.849998,100.099998,180
C6008,0CK104CK56A,34.849998,101.400002,0
C6009,0CK104CK56A,23.799999,106.849998,180
C7010,0CK104CK56A,40.900002,78.449997,270
C7012,0CK104CK56A,41.549999,74.150002,0
C7100,0CK104CK56A,52.450001,75.050003,270
C7304,0CK104CK56A,219.25,175.100006,270
C7321,0CK104CK56A,158.75,176.550003,270
C9231,0CK104CK56A,210.850006,153.699997,270
C1604,EAE52158501,177.949997,28.1,90
C1605,EAE52158501,176.050003,28.1,90
C1606,EAE52158501,179.449997,24.15,270
C1607,EAE52158501,181.350006,24.15,270
C1608,EAE52158501,177.550003,24.15,270
C1609,EAE52158501,174.149994,28.1,90
C2309,EAE52158501,165.5,97.75,90
C2312,EAE52158501,173.0,105.75,180
C2326,EAE52158501,171.25,94.75,180
C2327,EAE52158501,173.0,103.75,180
C2328,EAE52158501,171.25,96.75,180
C2334,EAE52158501,180.75,88.25,180
C2365,EAE52158501,183.550003,104.75,270
C2366,EAE52158501,181.600006,104.75,270
C2400,EAE52158501,190.649994,77.5,180
C2402,EAE52158501,190.649994,79.400002,180
C2403,EAE52158501,190.649994,81.349998,180
C2404,EAE52158501,190.649994,83.25,180
C2405,EAE52158501,155.449997,125.599998,270
C2406,EAE52158501,152.75,135.300003,180
C2407,EAE52158501,164.0,137.699997,180
C2414,EAE52158501,198.449997,132.899994,270
C2415,EAE52158501,196.449997,132.899994,90
C2417,EAE52158501,199.649994,127.900002,0
C2418,EAE52158501,199.649994,129.800003,0
C2423,EAE52158501,179.399994,125.199997,270
C2427,EAE52158501,144.649994,153.800003,90
C2428,EAE52158501,165.699997,125.5,270
C2429,EAE52158501,139.850006,148.949997,270
C2435,EAE52158501,157.899994,128.550003,0
C305,EAE52158501,130.899994,131.600006,0
C336,EAE52158501,141.699997,87.0,270
C343,EAE52158501,161.25,84.75,270
C344,EAE52158501,139.800003,87.0,270
C346,EAE52158501,136.350006,93.150002,0
C349,EAE52158501,130.899994,135.399994,0
C355,EAE52158501,138.0,148.949997,270
C356,EAE52158501,142.800003,153.800003,90
C357,EAE52158501,130.899994,133.5,0
C423,EAE52158501,157.449997,125.599998,270
C4301,EAE52158501,55.950001,23.299999,270
C4302,EAE52158501,57.799999,23.299999,270
C441,EAE52158501,157.899994,137.149994,0
C442,EAE52158501,152.75,137.149994,180
C4500,EAE52158501,33.400002,23.299999,270
C4504,EAE52158501,35.299999,23.299999,270
C5201,EAE52158501,61.25,111.400002,90
C5230,EAE52158501,83.449997,109.0,0
C5232,EAE52158501,72.650002,116.599998,180
C5324,EAE52158501,56.200001,165.449997,90
C6522,EAE52158501,18.049999,29.549999,270
C6523,EAE52158501,20.049999,29.549999,270
C658,EAE52158501,139.949997,139.449997,0
C659,EAE52158501,139.949997,137.600006,0
C8730,EAE52158501,182.699997,78.599998,90
C902,EAE52158501,112.199997,63.900002,90
C9278,EAE52158501,235.149994,145.100006,90
C9280,EAE52158501,238.949997,145.100006,90
C9281,EAE52158501,237.050003,145.100006,90
C9366,EAE52158501,64.0,175.399994,270
C9369,EAE52158501,70.25,163.25,90
C1620,EAE62303301,180.699997,34.0,180
C2422,EAE62303301,156.100006,156.050003,270
C4111,EAE62303301,31.299999,151.600006,270
C6300,EAE62303301,30.9,133.949997,270
C6310,EAE62303301,18.700001,134.25,0
C654,EAE62303301,112.300003,133.0,0
C655,EAE62303301,112.300003,131.600006,0
C8729,EAE62303301,178.899994,75.949997,180
C8806,EAE62303301,165.75,94.25,270
C8808,EAE62303301,153.149994,119.400002,90
C8810,EAE62303301,161.25,97.75,90
C204,0CC120BK4AA,122.150002,87.650002,0
C205,0CC120BK4AA,123.949997,87.650002,180
C207,0CZZB00035A,115.75,89.199997,270
C208,0CZZB00035A,117.099998,89.199997,270
C7001,0CZZB00035A,10.95,71.449997,180
C218,0CC100BKF1A,110.849998,89.199997,270
C219,0CC100BKF1A,113.349998,89.199997,270
C220,0CC100BKF1A,112.300003,89.199997,270
C221,0CC100BKF1A,114.699997,89.199997,270
C6304,0CC100BKF1A,31.85,138.25,90
C6306,0CC100BKF1A,21.6,138.25,90
C2311,0CC151BK41A,174.5,99.5,270
C9200,0CC151BK41A,231.75,153.149994,180
C9201,0CC151BK41A,231.75,158.149994,180
C9227,0CC151BK41A,212.149994,144.300003,0
C9246,0CC151BK41A,231.75,157.149994,180
C9248,0CC151BK41A,231.75,155.149994,180
C9291,0CC151BK41A,227.0,153.949997,180
C9292,0CC151BK41A,227.949997,151.199997,270
C9293,0CC151BK41A,231.75,151.149994,180
C9294,0CC151BK41A,231.75,154.149994,180
C9295,0CC151BK41A,227.0,152.949997,180
C9299,0CC151BK41A,231.75,159.149994,180
C236,0CC103BK5BA,109.400002,89.650002,180
C2426,0CC103BK5BA,167.149994,125.949997,90
C5001,0CC103BK5BA,56.349998,135.949997,270
C5003,0CC103BK5BA,56.349998,104.449997,90
C5204,0CC103BK5BA,71.150002,112.699997,270
C6502,0CC103BK5BA,22.049999,36.049999,0
C7003,0CC103BK5BA,30.4,80.0,180
C9367,0CC103BK5BA,66.449997,164.899994,180
C9385,0CC103BK5BA,214.449997,113.449997,90
C2410,0CH5220K618,168.5,130.75,90
C7320,0CH5220K618,162.449997,169.699997,270
C2425,0CK272BKF6A,168.149994,127.949997,90
C5202,0CK272BKF6A,70.099998,107.349998,270
C9368,0CK272BKF6A,64.699997,164.050003,270
C2430,0CK102BK56A,159.649994,155.0,0
C4106,0CK102BK56A,11.45,145.25,0
C5305,0CK102BK56A,52.099998,175.149994,0
C9240,0CK102BK56A,221.25,136.449997,270
C9387,0CK102BK56A,215.449997,115.449997,90
C9393,0CK102BK56A,211.949997,113.449997,90
C2434,EAE65502001,145.5,146.25,270
C3309,0CK105CD56A,67.650002,101.550003,0
C4303,0CK105CD56A,60.799999,28.549999,0
C4502,0CK105CD56A,38.299999,28.549999,0
C5304,0CK105CD56A,55.700001,169.5,180
C5311,0CK105CD56A,42.599998,170.149994,0
C6002,0CK105CD56A,35.450001,117.25,90
C6003,0CK105CD56A,33.75,117.199997,90
C6021,0CK105CD56A,14.85,100.050003,180
C6303,0CK105CD56A,31.9,141.199997,90
C6305,0CK105CD56A,26.65,143.5,0
C6307,0CK105CD56A,20.9,141.699997,180
C656,0CK105CD56A,112.75,113.900002,180
C7302,0CK105CD56A,230.399994,175.800003,0
C906,0CK105CD56A,164.5,54.900002,270
C9275,0CK105CD56A,237.899994,140.050003,270
C3427,0CC180BKFAA,55.0,153.0,270
C6302,0CC180BKFAA,32.5,135.75,0
C6308,0CC180BKFAA,21.200001,135.850006,180
C5216,0CC270BK61A,88.099998,123.300003,0
C5217,0CC270BK61A,84.400002,123.300003,0
C5306,0CC223BK5BA,49.150002,164.449997,180
C5307,0CC223BK5BA,49.150002,174.5,0
C5314,0CC223BK5BA,44.700001,167.399994,270
C5315,0CC223BK5BA,44.700001,171.550003,90
C5312,EAE32166601,39.950001,164.75,90
C5313,EAE32166601,39.5,168.5,270
C5316,EAE32166601,39.5,170.350006,270
C5317,EAE32166601,39.950001,173.899994,90
C5318,0CK474DK56A,20.85,163.199997,90
C5319,0CK474DK56A,20.65,171.550003,90
C6011,0CK474DK56A,17.0,98.400002,180
C6012,0CK474DK56A,17.049999,116.800003,0
C6000,EAE33831901,32.599998,114.5,180
C6001,EAE33831901,29.4,112.75,180
C9230,EAE33831901,213.100006,153.199997,180
C6006,0CK224DK56A,24.4,104.550003,90
C6007,0CK224DK56A,24.450001,110.199997,90
C6015,EAE60171702,18.049999,87.699997,270
C6016,EAE60171702,8.25,110.900002,0
C6019,EAE60364701,30.799999,98.400002,180
C6020,EAE60364701,35.650002,94.300003,270
C606,0CZZB00061A,112.650002,115.900002,270
C6100,0CC3R3BKFBA,235.149994,79.949997,90
C6101,0CC3R3BKFBA,235.149994,82.050003,270
C6103,EAE61423901,230.5,74.349998,180
C629,EAE32166101,109.300003,132.800003,0
C630,EAE32166101,107.300003,133.300003,0
C631,EAE32166101,105.25,132.800003,0
C632,EAE32166101,112.599998,130.449997,0
C633,EAE32166101,115.849998,115.5,0
C635,EAE32166101,114.050003,115.5,0
C6301,0CH1224K512,34.849998,135.25,0
C6311,0CH1224K512,18.0,138.050003,90
C7011,0CH1224K512,41.549999,76.449997,0
C6503,0CH5470K618,12.1,34.650002,0
C6505,0CH5470K618,12.1,35.700001,0
C7004,EAE62082801,20.4,75.099998,90
C7102,EAE62082801,21.75,75.099998,90
C7303,0CK332BK56A,230.0,177.050003,0
C7306,EAE50191801,214.800003,165.699997,270
C7307,EAE50191801,211.300003,165.699997,270
C8701,0CK103BH56A,64.849998,64.5,90
C8713,0CK106CC67A,200.399994,32.549999,180
C8717,0CK222BKG6A,55.349998,44.349998,90
C8718,0CK105CK56A,223.649994,31.15,0
C8727,0CK105CK56A,58.200001,44.599998,0
C9100,0CK105CK56A,87.25,162.800003,180
C9101,0CK105CK56A,87.25,164.100006,180
C9102,0CK105CK56A,83.900002,163.649994,270
C9104,0CK105CK56A,136.149994,162.899994,0
C9106,0CK105CK56A,134.149994,164.050003,90
C9107,0CK105CK56A,133.25,161.399994,270
C9203,0CK105CK56A,233.550003,144.949997,90
C9221,0CK105CK56A,227.5,148.75,90
C9222,0CK105CK56A,212.25,130.199997,180
C9238,0CK105CK56A,228.5,142.199997,270
C9297,0CK105CK56A,232.25,146.75,270
C9383,0CK105CK56A,210.899994,102.800003,0
C9386,0CK105CK56A,213.199997,113.699997,90
C9389,0CK105CK56A,209.300003,108.699997,180
C8724,0CH1474K562,200.399994,33.849998,0
C9004,EAE62772301,219.050003,163.75,0
C9245,EAE62772301,226.899994,163.649994,0
C9378,EAE62772301,216.699997,96.699997,270
C9379,EAE62772301,219.300003,95.849998,0
C9204,0CC150BK4AA,204.449997,139.399994,0
C9205,0CC150BK4AA,208.199997,139.899994,0
C9206,0CC150BK4AA,204.449997,140.600006,0
C9207,0CC150BK4AA,199.449997,140.449997,0
C9226,0CC150BK4AA,214.149994,144.300003,0
C9209,0CK821BK56A,235.350006,130.449997,90
C9211,0CK331BKFDA,214.149994,151.649994,0
C9212,0CK331BKFDA,212.149994,151.25,0
C9232,EAE66007201,203.75,149.050003,90
C9236,EAE66007301,205.100006,100.75,270
C9256,EAE32479401,212.149994,149.800003,180
C9257,EAE32479401,214.149994,149.300003,180
C9258,EAE32479401,212.149994,148.800003,180
C9259,EAE32479401,214.149994,148.300003,180
C9260,EAE32479401,212.149994,147.800003,180
C9261,EAE32479401,214.149994,147.300003,180
C9262,EAE32479401,212.149994,146.800003,180
C9263,EAE32479401,214.149994,146.300003,180
C9264,EAE32479401,212.149994,145.800003,180
C9265,EAE32479401,214.149994,145.300003,180
C9282,EAE60663801,228.949997,134.100006,270
C9290,EAE58399101,234.350006,130.449997,270
D200,EAH61433701,136.850006,84.800003,270
D201,EAH61433701,181.699997,18.15,0
D3301,0DD184009AA,68.300003,27.799999,180
D3302,0DD184009AA,85.800003,101.900002,0
D3303,0DD184009AA,71.449997,101.900002,0
D3309,EAH62735501,72.5,20.85,0
D3310,EAH62735501,75.5,20.85,0
D3311,EAH62735501,79.550003,86.699997,270
D3312,EAH62735501,79.550003,83.699997,270
D3314,EAH62735501,64.550003,86.699997,270
D3315,EAH62735501,64.550003,83.699997,270
D4100,EAH61515101,11.45,120.849998,180
D4300,EAH61515101,44.5,26.65,0
D4500,EAH61515101,22.0,26.646,0
D7001,EAH63512601,32.5,78.550003,90
D7002,0DSKE00048A,27.299999,77.699997,0
D7003,0DSKE00048A,35.450001,84.400002,270
D7004,EAH64532701,16.450001,76.099998,270
D7200,EAH60666101,79.849998,140.949997,270
D7300,EAH61714301,58.900002,147.949997,0
D7302,EAH61233501,169.0,173.199997,180
D9205,EAH64532501,216.850006,138.100006,0
D9206,EAH64532501,209.25,159.0,270
D9207,EAH64532501,232.100006,132.100006,90
IC100,EAN66086901,132.5,110.349998,0
IC10000,EAN63530002,58.400002,69.800003,90
IC1300,EAN62945801,178.300003,163.0,180
IC8705,EAN62945801,57.299999,47.5,90
IC1600,EAN65567101,184.050003,36.950001,180
IC2311,EAN65567101,160.850006,150.449997,90
IC200,EAN64148501,202.800003,62.200001,0
IC201,EAN38256201,215.899994,64.449997,0
IC202,EAN38256201,213.199997,64.449997,0
IC203,EAN38256201,210.350006,64.449997,0
IC7201,EAN38256201,229.350006,36.599998,180
IC7202,EAN38256201,232.449997,36.599998,180
IC7203,EAN38256201,230.449997,51.5,0
IC7204,EAN38256201,233.199997,51.5,0
IC7205,EAN38256201,19.35,108.800003,180
IC7206,EAN38256201,16.700001,108.800003,180
IC7207,EAN38256201,223.600006,51.5,180
IC7208,EAN38256201,226.350006,51.5,180
IC7209,EAN38256201,225.199997,60.25,0
IC7210,EAN38256201,227.949997,60.25,0
IC2306,EAN65626001,182.5,91.5,180
IC2307,EAN64394901,183.449997,111.400002,270
IC2308,EAN64387601,205.0,81.050003,270
IC2309,EAN65566701,165.0,132.399994,0
IC2310,EAN65566803,187.949997,120.949997,90
IC2312,EAN65585801,172.899994,125.949997,90
IC4301,EAN65165901,56.799999,27.299999,180
IC4501,EAN65165901,34.299999,27.299999,180
IC5200,EAN66467001,81.400002,116.800003,0
IC5201,EAN64287201,66.349998,111.300003,270
IC5300,EAN66068101,49.950001,169.5,180
IC6000,EAN60702401,29.950001,107.349998,90
IC6101,EAN62693501,230.600006,82.25,90
IC6300,EAN66400101,26.65,139.199997,90
IC7001,EAN66321201,37.299999,77.199997,0
IC7200,EAN41348201,85.099998,136.350006,90
IC7300,EAN61832901,224.699997,175.149994,90
IC7301,EAN63491301,60.799999,151.5,0
IC7302,EAN64370301,160.550003,173.199997,90
IC8701,EAN64282501,211.75,34.700001,180
IC8800,EAN64393602,166.899994,115.699997,90
IC901,EAN64130101,167.550003,54.599998,270
IC9201,EAN64989102,221.350006,147.399994,90
IC9301,EAN66054101,66.400002,169.449997,180
IC9302,EAN65446101,214.199997,108.699997,270
JK3102,EAG66129804,72.0,13.0,180
JK3103,EAG66129903,72.699997,86.949997,90
JK3104,EAG66129903,57.700001,86.949997,90
JK4200,EAG62571103,44.700001,15.8,180
JK4400,EAG62571103,22.200001,15.8,180
L1000,EAM38769505,188.550003,160.0,90
L10000,EAM38769505,58.5,75.849998,0
L1001,EAM38769505,190.449997,160.0,90
L1100,EAM38769505,236.649994,165.300003,0
L1600,EAM38769505,185.800003,43.700001,180
L2318,EAM38769505,205.100006,74.300003,180
L2322,EAM38769505,187.800003,130.199997,180
L2323,EAM38769505,171.149994,144.899994,0
L5305,EAM38769505,50.150002,158.699997,180
L6000,EAM38769505,37.450001,97.949997,0
L7302,EAM38769505,222.800003,167.850006,180
L8703,EAM38769505,185.649994,77.550003,0
L10001,EAP62506418,65.699997,69.800003,0
L1601,EAP65048201,183.350006,29.15,180
L2321,EAP65048201,194.649994,126.0,90
L2304,EAM61130602,164.25,94.25,270
L2305,EAM61130602,177.0,104.75,90
L2324,EAM61130602,167.0,137.699997,180
L306,EAM61130602,143.949997,87.849998,180
L311,EAM61130602,163.649994,85.599998,180
L5300,EAM61130602,56.200001,162.5,90
L600,EAM61130602,108.150002,113.75,0
L601,EAM61130602,115.650002,113.900002,180
L6300,EAM61130602,34.099998,137.899994,270
L6301,EAM61130602,19.35,138.050003,270
L6506,EAM61130602,16.299999,29.549999,90
L2310,EAP65069105,176.75,94.75,180
L2317,EAP65010803,197.350006,79.400002,180
L2319,EAP65069501,152.350006,150.949997,180
L2320,EAP65069101,158.25,132.75,180
L5201,EAM32500203,73.75,107.050003,270
L5202,EAM32500203,60.75,107.699997,90
L603,EAM32500203,139.100006,143.100006,270
L7001,EAM32500203,33.400002,74.550003,90
L7200,EAM32500203,79.449997,130.949997,0
L8701,EAM32500203,57.549999,42.599998,270
L8702,EAM32500203,207.199997,54.450001,270
L8900,EAM32500203,76.699997,60.200001,180
L9306,EAM32500203,62.200001,173.649994,90
L5301,EAP65010804,34.75,162.350006,180
L5302,EAP65010804,26.15,166.550003,180
L5303,EAP65010804,34.700001,172.300003,180
L5304,EAP65010804,26.1,174.800003,180
L6001,EAP62506406,22.950001,99.699997,180
L6002,EAP62506406,22.950001,115.050003,180
L7000,EAP65069301,41.150002,84.199997,0
L7100,EAM63070201,47.700001,78.050003,0
L7300,EAP32842802,213.600006,173.300003,270
L7301,EAM44020101,208.25,165.75,270
L7303,EAM44020101,154.850006,170.949997,180
L9205,EAP65069001,219.699997,132.199997,0
L9209,EAP65069001,224.699997,159.0,0
L9206,EAP65069102,234.350006,139.699997,270
L9210,EAP65069104,214.649994,159.600006,180
L9305,EAP65010601,223.600006,110.449997,270
LD1000,EAV60793101,176.449997,47.25,270
M726,MDS65793801,112.349998,75.900002,270
M728,MDS65793801,129.0,141.399994,180
M729,MDS65793801,129.199997,71.550003,0
M730,MDS65793801,157.5,104.400002,90
M732,MDS65793801,150.75,128.5,180
M734,MDS65793801,108.400002,101.900002,270
M735,MDS65793801,122.199997,92.400002,0
M737,MDS65793801,157.5,94.0,180
M738,MDS65793801,125.25,133.100006,180
M739,MDS65793801,108.800003,130.300003,270
M740,MDS65793801,141.550003,81.0,270
M741,MDS65793801,160.100006,81.5,270
P4000,EAG65010001,4.7,134.0,90
P9000,EAG64431301,90.597,171.149994,0
P9001,EAG64431301,131.597,171.149994,0
Q100,EBK61012601,188.0,91.199997,270
Q204,EBK61012601,136.649994,77.300003,270
Q3303,EBK61012601,64.300003,27.799999,180
Q3304,EBK61012601,86.25,93.650002,0
Q3305,EBK61012601,87.150002,90.150002,180
Q3306,EBK61012601,61.450001,101.050003,180
Q4100,EBK61012601,35.200001,151.699997,0
Q5300,EBK61012601,56.400002,176.149994,0
Q8701,EBK61012601,53.5,47.599998,270
Q1001,0TRKE80046A,178.949997,49.849998,90
Q1003,0TRKE80046A,180.149994,166.5,180
Q1100,0TRKE80046A,241.100006,161.300003,0
Q3800,0TRKE80046A,81.449997,60.849998,0
Q3801,0TRKE80046A,79.300003,68.349998,0
Q3802,0TRKE80046A,79.650002,64.5,90
Q3803,0TRKE80046A,83.400002,65.5,0
Q8712,0TRKE80046A,182.25,73.75,0
Q1002,0TR390609DC,186.399994,163.75,180
Q1101,EBK61913702,236.649994,157.350006,90
Q4101,EBK61913702,28.25,151.699997,0
Q8713,EBK61913702,178.699997,78.849998,270
Q9300,EBK61913702,215.699997,100.449997,270
Q203,EBK63231501,136.850006,88.400002,90
Q205,EBK63231501,181.300003,15.4,0
Q2300,EBK63231801,162.100006,159.100006,0
Q6502,EBK61012701,19.299999,33.549999,90
Q8711,EBK61012701,62.25,62.200001,0
R100,0RJ1002C678,151.800003,61.200001,0
R101,0RJ1002C678,155.0,92.849998,270
R1017,0RJ1002C678,177.25,166.449997,180
R1019,0RJ1002C678,177.25,167.5,0
R1024,0RJ1002C678,183.550003,164.75,0
R1025,0RJ1002C678,183.550003,163.75,0
R1028,0RJ1002C678,197.100006,161.050003,0
R1100,0RJ1002C678,242.300003,154.899994,270
R1101,0RJ1002C678,242.300003,156.699997,90
R126,0RJ1002C678,157.899994,33.049999,180
R153,0RJ1002C678,103.5,140.149994,0
R158,0RJ1002C678,187.399994,87.5,0
R1601,0RJ1002C678,180.800003,40.700001,270
R170,0RJ1002C678,143.149994,85.5,90
R172,0RJ1002C678,144.149994,85.5,90
R174,0RJ1002C678,145.149994,85.5,90
R181,0RJ1002C678,106.75,96.599998,180
R184,0RJ1002C678,141.149994,83.550003,270
R230,0RJ1002C678,110.599998,95.349998,180
R2357,0RJ1002C678,185.25,90.25,90
R236,0RJ1002C678,202.149994,67.449997,90
R2372,0RJ1002C678,166.050003,156.199997,90
R2398,0RJ1002C678,210.699997,82.199997,180
R2406,0RJ1002C678,177.649994,124.699997,90
R2417,0RJ1002C678,165.800003,158.5,90
R247,0RJ1002C678,119.349998,92.949997,270
R255,0RJ1002C678,136.25,79.849998,180
R256,0RJ1002C678,137.649994,74.300003,270
R260,0RJ1002C678,184.649994,14.9,0
R261,0RJ1002C678,138.350006,88.800003,270
R3358,0RJ1002C678,63.950001,23.700001,270
R3377,0RJ1002C678,83.0,91.150002,0
R3385,0RJ1002C678,59.0,101.650002,90
R3803,0RJ1002C678,75.949997,66.050003,90
R3804,0RJ1002C678,75.949997,64.099998,270
R3805,0RJ1002C678,82.300003,67.900002,180
R3806,0RJ1002C678,82.199997,63.150002,180
R3807,0RJ1002C678,84.150002,68.949997,0
R4112,0RJ1002C678,22.75,155.0,0
R4123,0RJ1002C678,17.450001,152.75,0
R4127,0RJ1002C678,18.549999,155.449997,0
R4303,0RJ1002C678,54.049999,28.549999,0
R4501,0RJ1002C678,31.549999,28.549999,0
R501,0RJ1002C678,166.5,104.5,90
R503,0RJ1002C678,163.5,104.5,90
R505,0RJ1002C678,168.5,104.5,90
R507,0RJ1002C678,167.5,104.5,90
R509,0RJ1002C678,164.5,104.5,90
R5200,0RJ1002C678,61.650002,114.0,270
R523,0RJ1002C678,165.5,104.5,90
R5235,0RJ1002C678,79.599998,111.550003,270
R5242,0RJ1002C678,87.550003,109.900002,180
R5300,0RJ1002C678,58.950001,175.550003,270
R5301,0RJ1002C678,53.599998,175.75,90
R6007,0RJ1002C678,32.400002,117.599998,90
R6009,0RJ1002C678,23.0,108.400002,90
R6011,0RJ1002C678,22.6,109.849998,0
R605,0RJ1002C678,107.150002,117.349998,0
R6301,0RJ1002C678,32.5,134.699997,0
R6307,0RJ1002C678,19.4,135.800003,270
R6520,0RJ1002C678,198.949997,41.299999,180
R7306,0RJ1002C678,231.0,172.600006,0
R7321,0RJ1002C678,163.449997,169.699997,90
R87016,0RJ1002C678,219.300003,21.4,270
R87018,0RJ1002C678,218.300003,21.4,270
R87020,0RJ1002C678,214.300003,21.4,270
R87022,0RJ1002C678,213.300003,21.4,270
R87023,0RJ1002C678,211.800003,23.700001,90
R87026,0RJ1002C678,211.300003,21.4,270
R87028,0RJ1002C678,210.300003,21.4,270
R87032,0RJ1002C678,220.649994,23.700001,90
R8718,0RJ1002C678,52.900002,43.950001,180
R8724,0RJ1002C678,185.5,73.75,0
R8725,0RJ1002C678,185.5,72.75,180
R8796,0RJ1002C678,196.149994,37.0,0
R8800,0RJ1002C678,154.5,111.699997,180
R8801,0RJ1002C678,158.399994,112.699997,90
R8802,0RJ1002C678,156.399994,113.699997,90
R900,0RJ1002C678,155.0,55.25,0
R908,0RJ1002C678,110.349998,62.849998,0
R909,0RJ1002C678,156.300003,53.400002,180
R916,0RJ1002C678,159.75,40.25,0
R917,0RJ1002C678,161.050003,48.049999,90
R921,0RJ1002C678,170.850006,53.25,270
R923,0RJ1002C678,163.350006,55.099998,90
R9233,0RJ1002C678,228.449997,145.949997,180
R9326,0RJ1002C678,67.400002,175.5,180
R10000,0RJ1002C478,55.599998,71.199997,270
R10001,0RJ1002C478,55.599998,69.400002,90
R10003,0RJ1002C478,53.5,71.199997,270
R2399,0RJ1002C478,208.399994,79.5,270
R2407,0RJ1002C478,182.350006,120.800003,180
R516,0RJ1002C478,161.5,104.5,90
R518,0RJ1002C478,162.5,104.5,90
R6200,0RJ1002C478,30.4,123.150002,270
R9224,0RJ1002C478,215.050003,129.199997,90
R9226,0RJ1002C478,214.149994,143.300003,0
R9278,0RJ1002C478,212.149994,143.300003,0
R9285,0RJ1002C478,214.050003,129.199997,90
R10002,0RJ4702C478,54.549999,71.199997,90
R2404,0RJ4702C478,167.899994,132.149994,0
R1004,0RJ1501C678,176.449997,49.700001,90
R5251,0RJ1501C678,89.75,111.900002,0
R5252,0RJ1501C678,89.75,110.900002,0
R1006,0RJ1000C678,198.899994,163.050003,180
R1027,0RJ1000C678,197.100006,162.050003,180
R106,0RJ1000C678,185.75,94.5,180
R154,0RJ1000C678,111.800003,135.899994,180
R155,0RJ1000C678,110.699997,137.899994,0
R156,0RJ1000C678,111.199997,136.899994,180
R157,0RJ1000C678,112.650002,134.149994,0
R2316,0RJ1000C678,167.899994,134.149994,180
R2353,0RJ1000C678,185.25,92.25,90
R2397,0RJ1000C678,208.899994,82.199997,180
R3322,0RJ1000C678,64.550003,21.299999,180
R3336,0RJ1000C678,62.75,22.299999,180
R3372,0RJ1000C678,89.75,93.050003,90
R3380,0RJ1000C678,76.75,103.449997,0
R3381,0RJ1000C678,58.5,99.800003,180
R4103,0RJ1000C678,15.3,140.0,270
R4113,0RJ1000C678,15.6,152.75,0
R4117,0RJ1000C678,22.35,156.449997,270
R5303,0RJ1000C678,52.099998,176.149994,0
R607,0RJ1000C678,111.25,116.449997,0
R608,0RJ1000C678,111.25,115.449997,0
R7202,0RJ1000C678,78.949997,134.0,270
R7203,0RJ1000C678,78.949997,136.149994,90
R8723,0RJ1000C678,220.25,45.700001,270
R8728,0RJ1000C678,200.850006,25.5,0
R8729,0RJ1000C678,200.850006,24.5,0
R8756,0RJ1000C678,200.800003,35.0,180
R8783,0RJ1000C678,206.25,47.849998,270
R902,0RJ1000C678,157.899994,34.049999,180
R904,0RJ1000C678,149.949997,61.200001,180
R915,0RJ1000C678,155.699997,46.849998,180
R1009,0RJ1102C478,179.550003,52.349998,0
R7304,0RJ1102C478,231.0,174.649994,180
R1011,0RJ4701C678,198.899994,165.050003,180
R1012,0RJ4701C678,178.050003,170.0,0
R206,0RJ4701C678,106.75,95.599998,180
R237,0RJ4701C678,154.800003,106.449997,0
R3373,0RJ4701C678,83.699997,93.550003,270
R4304,0RJ4701C678,54.049999,26.299999,180
R4502,0RJ4701C678,31.549999,26.299999,180
R5308,0RJ4701C678,24.549999,161.399994,270
R5309,0RJ4701C678,19.9,166.100006,270
R5310,0RJ4701C678,21.1,168.699997,270
R5311,0RJ4701C678,21.0,174.350006,270
R6012,0RJ4701C678,17.5,99.900002,0
R6013,0RJ4701C678,17.299999,118.25,180
R616,0RJ4701C678,105.400002,139.600006,180
R7200,0RJ4701C678,79.550003,137.550003,180
R7201,0RJ4701C678,79.550003,138.550003,180
R7205,0RJ4701C678,233.100006,39.650002,90
R8714,0RJ4701C678,64.849998,62.650002,270
R8715,0RJ4701C678,66.5,62.650002,270
R8717,0RJ4701C678,52.900002,45.0,180
R8733,0RJ4701C678,61.450001,64.900002,0
R8740,0RJ4701C678,216.800003,23.700001,270
R8741,0RJ4701C678,216.300003,21.4,270
R8742,0RJ4701C678,215.800003,23.700001,270
R8743,0RJ4701C678,215.300003,21.4,270
R110,0RJ0000C678,110.849998,100.900002,90
R111,0RJ0000C678,112.25,100.599998,0
R128,0RJ0000C678,112.25,99.599998,180
R1610,0RJ0000C678,180.800003,38.900002,270
R1611,0RJ0000C678,178.800003,38.900002,270
R1621,0RJ0000C678,187.649994,35.099998,90
R175,0RJ0000C678,118.900002,84.099998,0
R176,0RJ0000C678,118.900002,85.099998,0
R178,0RJ0000C678,111.449997,96.599998,0
R180,0RJ0000C678,118.900002,83.099998,0
R201,0RJ0000C678,118.349998,91.050003,270
R2419,0RJ0000C678,165.050003,154.399994,270
R2423,0RJ0000C678,163.050003,154.399994,270
R4115,0RJ0000C678,14.15,154.850006,270
R4125,0RJ0000C678,9.2,153.899994,270
R604,0RJ0000C678,109.849998,116.849998,270
R606,0RJ0000C678,107.150002,116.349998,180
R622,0RJ0000C678,105.25,133.800003,0
R623,0RJ0000C678,107.300003,134.399994,0
R624,0RJ0000C678,148.600006,109.150002,180
R7001,0RJ0000C678,38.049999,72.699997,270
R7213,0RJ0000C678,222.949997,54.599998,270
R7214,0RJ0000C678,225.699997,54.599998,270
R7217,0RJ0000C678,222.600006,48.400002,270
R7218,0RJ0000C678,225.350006,48.400002,270
R7219,0RJ0000C678,225.850006,57.150002,90
R7220,0RJ0000C678,228.600006,57.150002,90
R7223,0RJ0000C678,225.600006,63.400002,90
R7224,0RJ0000C678,228.949997,63.400002,90
R7228,0RJ0000C678,223.600006,63.400002,270
R87000,0RJ0000C678,223.850006,27.299999,270
R87001,0RJ0000C678,224.850006,27.299999,270
R8702,0RJ0000C678,226.149994,29.5,0
R8703,0RJ0000C678,223.25,30.0,0
R87030,0RJ0000C678,206.800003,23.700001,90
R87034,0RJ0000C678,82.400002,55.950001,180
R87035,0RJ0000C678,222.850006,27.299999,270
R8705,0RJ0000C678,223.5,38.900002,0
R8706,0RJ0000C678,212.75,47.799999,90
R8712,0RJ0000C678,218.25,47.799999,90
R8721,0RJ0000C678,205.75,45.700001,270
R8722,0RJ0000C678,215.25,45.700001,90
R8727,0RJ0000C678,194.949997,26.049999,270
R8732,0RJ0000C678,223.5,41.900002,0
R8735,0RJ0000C678,218.25,45.700001,90
R8738,0RJ0000C678,200.800003,39.0,0
R8749,0RJ0000C678,210.25,47.849998,90
R8754,0RJ0000C678,213.25,45.700001,90
R8755,0RJ0000C678,213.75,47.799999,90
R8758,0RJ0000C678,221.25,45.700001,90
R8761,0RJ0000C678,200.800003,37.0,0
R8778,0RJ0000C678,225.25,40.799999,90
R8780,0RJ0000C678,223.5,40.900002,0
R8784,0RJ0000C678,214.75,47.799999,90
R8790,0RJ0000C678,219.25,47.799999,90
R8797,0RJ0000C678,200.800003,38.0,0
R9102,0RJ0000C678,111.696999,144.800003,90
R9103,0RJ0000C678,110.497002,144.800003,90
R9104,0RJ0000C678,110.196999,148.699997,90
R9105,0RJ0000C678,108.997002,148.699997,90
R9106,0RJ0000C678,116.196999,148.699997,90
R9107,0RJ0000C678,114.997002,148.699997,90
R9108,0RJ0000C678,114.696999,144.800003,90
R9109,0RJ0000C678,113.497002,144.800003,90
R9110,0RJ0000C678,113.196999,148.699997,90
R9111,0RJ0000C678,111.997002,148.699997,90
R9112,0RJ0000C678,120.696999,144.800003,90
R9113,0RJ0000C678,119.497002,144.800003,90
R9114,0RJ0000C678,119.196999,148.699997,90
R9115,0RJ0000C678,117.997002,148.699997,90
R9116,0RJ0000C678,117.696999,144.800003,90
R9117,0RJ0000C678,116.497002,144.800003,90
R9125,0RJ0000C678,135.850006,159.649994,0
R9127,0RJ0000C678,138.699997,160.149994,0
R9129,0RJ0000C678,135.850006,160.649994,0
R9131,0RJ0000C678,138.699997,158.149994,0
R9133,0RJ0000C678,138.699997,157.149994,0
R9137,0RJ0000C678,135.850006,158.649994,0
R9139,0RJ0000C678,138.699997,159.149994,0
R9206,0RJ0000C678,229.75,152.149994,0
R9209,0RJ0000C678,229.75,154.149994,0
R9210,0RJ0000C678,229.75,155.149994,0
R9212,0RJ0000C678,147.050003,160.699997,180
R9213,0RJ0000C678,229.75,157.149994,180
R9215,0RJ0000C678,149.199997,161.199997,180
R9216,0RJ0000C678,147.050003,161.699997,180
R9217,0RJ0000C678,149.199997,162.199997,180
R9218,0RJ0000C678,147.050003,162.699997,180
R9219,0RJ0000C678,149.199997,163.199997,180
R9220,0RJ0000C678,147.050003,163.699997,180
R9221,0RJ0000C678,149.199997,164.199997,180
R9222,0RJ0000C678,147.050003,164.699997,180
R9223,0RJ0000C678,149.199997,165.199997,180
R9227,0RJ0000C678,203.600006,137.850006,270
R9346,0RJ0000C678,210.199997,110.449997,90
R9357,0RJ0000C678,210.850006,115.300003,270
R9358,0RJ0000C678,209.850006,115.300003,270
R1300,EBC59174901,181.253006,162.0,180
R9327,EBC59174901,68.349998,164.5,180
R1301,0RJ6201C478,181.253006,164.0,0
R600,0RJ6201C478,138.300003,94.650002,0
R1304,0RJ1003C678,179.102997,160.699997,180
R2410,0RJ1003C678,184.449997,120.800003,0
R6021,0RJ1003C678,30.049999,115.599998,90
R7226,0RJ1003C678,226.600006,46.799999,180
R7227,0RJ1003C678,14.25,107.800003,180
R7229,0RJ1003C678,230.399994,32.799999,0
R7230,0RJ1003C678,228.050003,29.5,0
R7307,0RJ1003C678,57.900002,151.5,0
R87010,0RJ1003C678,223.25,29.0,180
R87012,0RJ1003C678,196.149994,39.0,0
R87013,0RJ1003C678,214.25,49.650002,270
R8730,0RJ1003C678,55.75,42.599998,0
R8803,0RJ1003C678,205.75,50.950001,270
R8804,0RJ1003C678,215.75,47.799999,270
R1603,0RJ1202C478,180.75,36.650002,90
R7305,0RJ1202C478,229.600006,174.25,270
R9337,0RJ1202C478,210.949997,101.449997,0
R1630,0RJ3003C478,178.75,34.849998,270
R2422,0RJ3003C478,157.25,154.399994,270
R202,0RJ0512C678,117.099998,91.050003,270
R203,0RJ0512C678,115.75,91.050003,270
R231,0RJ0512C678,112.300003,91.050003,270
R232,0RJ0512C678,110.849998,91.050003,270
R233,0RJ0512C678,114.699997,91.050003,270
R234,0RJ0512C678,113.349998,91.050003,270
R215,0RJ1801C678,8.25,36.049999,180
R216,0RJ1801C678,8.25,35.0,180
R219,0RJ1801C678,58.150002,173.25,0
R220,0RJ1801C678,58.150002,172.0,0
R221,0RJ1801C678,197.449997,116.550003,180
R222,0RJ1801C678,197.449997,115.550003,180
R249,0RJ1801C678,34.5,71.75,270
R250,0RJ1801C678,35.5,71.75,270
R4109,0RJ1801C678,21.299999,154.399994,90
R217,0RJ1201C678,137.899994,70.449997,180
R218,0RJ1201C678,137.899994,69.150002,180
R3367,0RJ1201C678,66.900002,100.0,270
R3370,0RJ1201C678,82.699997,93.550003,90
R7302,0RJ1201C678,56.049999,147.949997,0
R235,0RJ1001C678,109.800003,91.050003,270
R2361,0RJ1001C678,165.050003,156.199997,90
R3357,0RJ1001C678,64.550003,22.299999,0
R3371,0RJ1001C678,88.75,93.050003,90
R3376,0RJ1001C678,83.0,92.150002,180
R3384,0RJ1001C678,60.650002,103.300003,0
R5243,0RJ1001C678,87.550003,114.900002,0
R6016,0RJ1001C678,14.55,101.199997,180
R6124,0RJ1001C678,231.600006,86.449997,270
R6125,0RJ1001C678,224.600006,74.349998,180
R6201,0RJ1001C678,31.4,123.150002,90
R6506,0RJ1001C678,21.65,34.650002,270
R7204,0RJ1001C678,78.699997,140.550003,270
R8791,0RJ1001C678,216.25,45.700001,270
R9234,0RJ1001C678,230.100006,146.350006,270
R2351,0RJ1502C478,175.5,99.5,90
R5201,0RJ1502C478,72.150002,112.699997,270
R2355,0RJ0332C478,179.449997,109.349998,90
R901,0RJ0332C478,158.100006,53.400002,180
R914,0RJ0332C478,157.899994,40.25,0
R239,0RJ5602C478,135.850006,81.75,90
R257,0RJ5602C478,184.649994,17.15,180
R7301,0RJ5602C478,232.5,174.25,90
R7322,0RJ5602C478,157.949997,170.600006,270
R240,0RJ1203C478,135.25,88.800003,90
R258,0RJ1203C478,184.649994,15.9,180
R2400,0RJ3302C478,210.0,78.099998,180
R9340,0RJ3302C478,215.449997,113.449997,90
R2401,0RJ1201C478,209.399994,79.5,90
R504,0RJ1201C478,168.5,102.25,90
R506,0RJ1201C478,167.5,102.25,90
R517,0RJ1201C478,161.5,102.25,90
R522,0RJ1201C478,164.5,102.25,90
R2403,0RJ3002C478,182.75,122.25,270
R9249,0RJ3002C478,221.25,138.449997,270
R2411,0RJ3902C478,184.449997,119.800003,0
R7003,0RJ3902C478,41.150002,75.300003,0
R2414,0RJ3301C478,162.050003,156.199997,90
R5202,0RJ3301C478,71.150002,114.599998,270
R2418,0RJ0471C678,158.899994,146.949997,0
R4301,0RJ0471C678,46.75,27.15,180
R4302,0RJ0471C678,46.75,26.15,180
R4507,0RJ0471C678,24.25,27.15,180
R4508,0RJ0471C678,24.25,26.15,180
R2425,0RJ1802C478,159.649994,154.0,0
R9328,0RJ1802C478,66.449997,163.899994,180
R243,0RJ2000D677,108.800003,93.300003,270
R248,0RJ2000D677,119.650002,89.699997,90
R6516,0RJ2000D677,21.799999,32.400002,270
R6517,0RJ2000D677,23.299999,32.400002,270
R251,0RJ3301C678,209.149994,67.5,270
R252,0RJ3301C678,216.550003,61.450001,90
R253,0RJ3301C678,213.850006,61.450001,90
R4122,0RJ3301C678,36.0,149.399994,0
R8711,0RJ3301C678,200.800003,42.799999,0
R8734,0RJ3301C678,208.75,50.950001,90
R8736,0RJ3301C678,209.75,50.950001,90
R3365,0RJ3300C678,66.400002,23.6,0
R3378,0RJ3300C678,90.75,93.050003,90
R3386,0RJ3300C678,63.950001,101.800003,90
R3368,0RJ4301C478,65.849998,100.0,90
R3369,0RJ4301C478,81.699997,93.550003,270
R3800,0RJ2001C678,84.050003,59.450001,90
R9200,0RJ2001C678,231.100006,146.350006,90
R9205,0RJ2001C678,240.050003,140.149994,270
R3801,0RJ0222C678,77.0,64.099998,90
R3802,0RJ0222C678,77.0,66.050003,270
R5249,0RJ0222C678,87.550003,113.900002,180
R5250,0RJ0222C678,87.550003,112.900002,180
R7207,0RJ0222C678,229.800003,48.450001,270
R7208,0RJ0222C678,231.100006,48.450001,270
R7210,0RJ0222C678,232.550003,48.450001,270
R7215,0RJ0222C678,224.25,54.599998,270
R7216,0RJ0222C678,227.0,54.599998,270
R7221,0RJ0222C678,224.550003,57.150002,90
R7222,0RJ0222C678,227.300003,57.150002,90
R7320,0RJ0222C678,164.449997,169.699997,90
R8710,0RJ0222C678,200.800003,41.799999,0
R8720,0RJ0222C678,214.25,45.700001,270
R8739,0RJ0222C678,209.75,45.700001,90
R8750,0RJ0222C678,200.800003,40.799999,0
R8751,0RJ0222C678,207.75,45.700001,90
R8752,0RJ0222C678,198.949997,40.299999,0
R8757,0RJ0222C678,198.600006,30.6,180
R8764,0RJ0222C678,200.800003,28.1,180
R8765,0RJ0222C678,198.600006,28.6,180
R8766,0RJ0222C678,200.800003,31.1,180
R8782,0RJ0222C678,209.25,47.849998,90
R8799,0RJ0222C678,206.75,45.700001,90
R400,0RJ2400C478,148.75,118.75,180
R401,0RJ2400C478,148.75,119.75,180
R404,0RJ2400C478,148.75,122.75,180
R405,0RJ2400C478,148.75,124.75,180
R402,0RJ1001E478,150.25,121.25,90
R403,0RJ1001E478,149.25,121.25,270
R4105,0RJ0221C678,12.35,123.800003,90
R4106,0RJ0221C678,11.35,123.800003,90
R4121,0RJ2202C678,32.75,152.199997,270
R8719,0RJ2202C678,179.149994,74.75,180
R4305,ERHZ0000219,54.049999,27.299999,180
R4503,ERHZ0000219,31.549999,27.299999,180
R500,0RJ8201C478,166.5,102.25,90
R508,0RJ8201C478,165.5,102.25,90
R502,0RJ2701C478,163.5,102.25,90
R9279,0RJ2701C478,204.600006,136.0,270
R9299,0RJ2701C478,230.449997,165.449997,180
R5245,0RJ0332C678,87.550003,111.900002,0
R5246,0RJ0332C678,87.550003,110.900002,0
R8708,0RJ0332C678,226.550003,40.799999,270
R8709,0RJ0332C678,223.5,39.900002,180
R8744,0RJ0332C678,209.300003,21.4,270
R8769,0RJ0332C678,208.25,21.4,270
R8793,0RJ0332C678,207.800003,23.700001,270
R903,0RJ0332C678,156.300003,52.349998,180
R5304,0RJ0331D677,39.950001,162.550003,270
R5305,0RJ0331D677,40.650002,167.399994,90
R5306,0RJ0331D677,40.650002,171.5,90
R5307,0RJ0331D677,39.950001,176.100006,270
R6014,0RJ1002E472,15.7,95.900002,90
R6015,0RJ1002E472,15.0,105.900002,0
R6300,0RH1500D622,32.900002,131.100006,270
R6308,0RH1500D622,16.4,136.449997,270
R6302,0RJ4302C478,32.900002,138.25,270
R6303,0RJ4302C478,32.5,136.800003,180
R6305,0RJ4302C478,21.200001,136.850006,180
R6306,0RJ4302C478,20.549999,138.25,270
R6504,0RJ0472C678,27.0,35.75,270
R6505,0RJ0472C678,26.0,35.75,270
R9201,0RJ0472C678,197.649994,140.449997,0
R9202,0RJ0472C678,202.649994,140.600006,0
R9203,0RJ0472C678,202.649994,139.399994,0
R9204,0RJ0472C678,206.399994,139.899994,0
R7008,0RH0101G622,30.549999,73.550003,90
R7009,0RH0101G622,28.0,73.550003,90
R7211,EBC32271201,19.75,111.199997,180
R7212,EBC32271201,17.549999,111.199997,0
R7308,0RJ1000C478,57.900002,152.5,0
R8779,0RJ1000C478,56.349998,44.349998,270
R8700,0RJ0102C678,200.800003,30.1,180
R8707,0RJ0102C678,200.800003,29.1,180
R8726,0RJ0102C678,198.600006,29.6,180
R9291,0RJ0102C678,216.199997,153.199997,270
R9292,0RJ0102C678,215.199997,153.199997,270
R8716,0RJ4702C678,62.900002,65.300003,270
R9253,0RJ4702C678,225.600006,136.199997,180
R9289,EBC58702101,234.350006,132.75,90
R9290,EBC58702101,235.649994,132.75,90
SW8700,6600VR1004A,55.0,54.0,90
SW8701,6600VR1004A,55.0,61.75,90
VA3306,EAF61530101,81.199997,92.150002,0
VA3311,EAF61530101,60.450001,97.800003,180
VA3315,EAF61530101,64.550003,20.299999,180
VA6000,EAF61530101,14.45,98.050003,0
VA3307,EAF61530301,80.699997,93.550003,270
VA3308,EAF61530301,79.400002,90.150002,0
VA3309,EAF61530301,79.400002,88.949997,0
VA3310,EAF61530301,79.400002,91.150002,0
VA3312,EAF61530301,58.5,97.800003,180
VA3313,EAF61530301,63.650002,98.199997,90
VA3314,EAF61530301,64.849998,98.199997,90
VA3316,EAF61530301,62.75,20.299999,180
VA3317,EAF61530301,67.349998,20.5,180
VA3318,EAF61530301,69.150002,20.5,0
VA4100,EAF61530102,22.75,157.850006,0
VA6200,EAF61530102,29.4,123.150002,270
VA5000,EAF61630103,56.349998,128.550003,270
VA5001,EAF61630103,56.349998,126.75,90
VA5002,EAF61630103,56.349998,131.800003,90
VA5003,EAF61630103,56.349998,133.600006,270
VA5004,EAF61630103,56.349998,109.900002,90
VA5005,EAF61630103,56.349998,111.699997,270
VA5006,EAF61630103,56.349998,108.099998,270
VA5007,EAF61630103,56.349998,106.300003,90
VR3303,EAF61630102,66.400002,21.5,0
VR3305,EAF61630102,65.849998,98.199997,90
VR3315,EAF61630102,62.25,97.800003,180
X200,EAW62583501,122.900002,85.699997,0
X5200,6212AB2015C,86.25,126.550003,0
X6100,EAW30067102,237.050003,81.0,90
X8700,EAW30067102,225.0,34.950001,270
ZD4101,EAH63274601,12.9,151.949997,0
