Location,Component,COMP_DEVICE_TYPE,SYM_MIRROR,SYM_X,SYM_Y,SYM_ROTATE
BC10,1120-00023,C0603_C1005_100NF/16V,T,40.2183,69.8258,135.0
BC11,1120-00023,C0603_C1005_100NF/16V,T,36.3983,55.9088,225.0
BC12,1120-00023,C0603_C1005_100NF/16V,T,34.3513,58.3638,180.0
BC13,1120-00023,C0603_C1005_100NF/16V,T,36.5103,65.9268,135.0
BC14,1120-00023,C0603_C1005_100NF/16V,T,35.1263,64.6188,180.0
BC15,1120-00168,C0603_C1005_1UF/10V,T,37.5263,67.5138,135.0
BC17,1120-00168,C0603_C1005_1UF/10V,T,44.5113,49.0358,270.0
BC18,1120-00168,C0603_C1005_1UF/10V,B,51.2983,63.5038,135.0
BC19,1120-00168,C0603_C1005_1UF/10V,T,33.6633,59.5718,180.0
BC2,1120-00016,C0603_C1005_1NF/50V,B,51.4483,57.6538,315.0
BC20,1120-00168,C0603_C1005_1UF/10V,T,42.95,40.9,90.0
BC21,1120-00168,C0603_C1005_1UF/10V,T,40.6253,51.5878,225.0
BC23,1120-00168,C0603_C1005_1UF/10V,T,51.4983,52.3038,315.0
BC24,1120-00023,C0603_C1005_100NF/16V,B,53.6483,58.3038,315.0
BC26,1120-00023,C0603_C1005_100NF/16V,B,53.0983,64.6538,315.0
BC27,1120-00023,C0603_C1005_100NF/16V,B,57.0483,59.7538,315.0
BC29,1120-00023,C0603_C1005_100NF/16V,T,41.5753,74.4788,180.0
BC30,1120-00170,C0603_C1608_1UF/25V,T,44.0723,73.2858,135.0
BC32,1120-00023,C0603_C1005_100NF/16V,B,56.2483,63.1538,45.0
BC35,1120-00023,C0603_C1005_100NF/16V,T,49.3983,73.1568,0.0
BC37,1120-00023,C0603_C1005_100NF/16V,B,58.2983,58.5038,135.0
BC38,1120-00023,C0603_C1005_100NF/16V,T,41.3443,50.8698,225.0
BC4,1120-00097,C0603_C1005_33PF/50V,T,57.5483,51.1038,135.0
BC40,1120-00023,C0603_C1005_100NF/16V,T,43.2413,49.0358,270.0
BC41,1120-00023,C0603_C1005_100NF/16V,T,53.5538,98.3517,180.0
BC48,1120-00023,C0603_C1005_100NF/16V,T,18.7813,53.1328,270.0
BC49,1120-00023,C0603_C1005_100NF/16V,T,17.4343,53.1148,270.0
BC5,1120-00035,C0603_C1608_10UF/6.3V,B,49.6483,54.0038,225.0
BC50,1120-00023,C0603_C1005_100NF/16V,T,17.6213,65.7998,90.0
BC51,1120-00023,C0603_C1005_100NF/16V,T,18.8853,65.7998,90.0
BC54,1120-00023,C0603_C1005_100NF/16V,B,48.3,35.4,0.0
BC55,1120-00023,C0603_C1005_100NF/16V,T,43.4462,106.5983,0.0
BC59,1120-00464,C0603_C1608_10UF/10V,T,56.5712,98.6293,0.0
BC60,1120-00035,C0603_C1608_10UF/6.3V,T,40.15,42.0,270.0
BC61,1120-00035,C0603_C1608_10UF/6.3V,T,41.75,41.0,90.0
BC63,1120-00023,C0603_C1005_100NF/16V,T,22.5403,66.3078,0.0
BC64,1120-00023,C0603_C1005_100NF/16V,T,21.9053,67.9588,90.0
BC65,1120-00023,C0603_C1005_100NF/16V,T,9.7133,58.0528,180.0
BC66,1120-00023,C0603_C1005_100NF/16V,T,9.7133,56.7828,180.0
BC67,1120-00464,C0603_C1608_10UF/10V,T,56.5712,100.0983,0.0
BC68,1120-00464,C0603_C1608_10UF/10V,T,57.0462,95.2983,90.0
BC7,1120-00023,C0603_C1005_100NF/16V,T,50.7483,51.5538,315.0
BC8,1120-00168,C0603_C1005_1UF/10V,B,50.8983,66.8038,315.0
BC9,1120-00023,C0603_C1005_100NF/16V,T,39.4443,53.4118,225.0
C155,1120-00016,CAP_C1005_DISCRETE_1NF/50V,T,82.175,76.1,90.0
C290,1120-00035,C3225_5_C1608_10UF/6.3V,T,75.8,45.95,180.0
C291,1120-00023,C1608_C1005_100NF,T,75.65,44.45,0.0
C349,1120-00016,C3225_5_C1005_1NF/50V,T,16.7962,97.0983,90.0
C350,1120-00013,C3225_5_C1005_100PF/50V,T,17.6962,97.0983,90.0
C41,1120-00160,C1608_C3225_10UF/35V/3225,T,92.9038,75.3,90.0
C5088,1120-00016,C0603_C1005_1NF/50V,T,76.6,11.65,180.0
C5089,1120-00016,C0603_C1005_1NF/50V,T,64.5,11.45,90.0
C5092,1120-00016,C_C1005_DISCRETE_1NF/50V,T,93.4142,103.1493,180.0
C5093,1120-00016,C_C1005_DISCRETE_1NF/50V,T,103.7957,83.1462,0.0
C5094,1120-00016,C_C1005_DISCRETE_1NF/50V,T,103.7957,85.1462,0.0
C5098,1120-00016,CAP_C1005_DISCRETE_1NF/50V,T,27.3212,85.0793,0.0
C5099,1120-00016,C0603_C1005_1NF/50V,T,89.9,11.25,0.0
C5107,1120-00374,C1608_C1005_100NF/50V,T,99.5962,67.7293,0.0
C5108,1120-00374,C1608_C1005_100NF/50V,T,101.0,68.85,0.0
C5109,1120-00165,C1608_C1005_10NF/50V,T,102.9462,67.0793,180.0
C5110,1120-00374,C1608_C1005_100NF/50V,T,103.7957,84.1462,180.0
C5111,1120-00165,C1608_C1005_10NF/50V,T,104.1462,59.6793,180.0
C5116,1120-00035,CAP NP_0_C1608_10UF/6.3V,T,79.0,43.6,90.0
C5117,1120-00023,CAP NP_0_C1005_100NF,T,80.4,43.4,90.0
C65,1120-00023,C0603_C1005_100NF/16V,T,69.8,28.225,0.0
C7,1120-00023,CAP_C1005_DISCRETE_100NF/16V,T,61.0712,90.8983,0.0
C743,1120-00160,C1608_C3225_10UF/35V/3225,T,91.65,52.3,270.0
C864,1120-00016,C0402/22PF/50V/NPO/J_C1005__1NF,T,15.8962,97.0983,270.0
C865,1120-00023,C0402_C1005__100NF/16V,T,19.6462,97.0983,270.0
C90,1120-00170,CAP_C1608_DISCRETE_1UF/25V,T,67.0962,94.8233,0.0
C91,1120-00016,CAP_C1005_DISCRETE_1NF/50V,B,68.2962,90.1983,90.0
C92,1120-00016,CAP_C1005_DISCRETE_1NF/50V,B,66.8462,89.7483,90.0
C93,1120-00066,CAP_C1005_DISCRETE_22PF/50V,B,65.0462,88.8983,270.0
C94,1120-00170,CAP_C1608_DISCRETE_1UF/25V,T,72.0462,95.2233,90.0
C95,1120-00059,CAP_C1005_DISCRETE_180PF/50V,B,62.4962,88.3483,0.0
C96,1120-00037,CAP_C2012_DISCRETE_10UF/16V,B,66.9462,86.2983,270.0
C97,1120-00066,CAP_C1005_DISCRETE_22PF/50V,B,71.0962,90.1483,270.0
C98,1120-00066,CAP_C1005_DISCRETE_22PF/50V,B,64.1462,89.7483,270.0
D106,1145-00140,95SQ015/TO_SMA-B320A-B360A_SM34,T,103.6462,73.1293,90.0
E16,1140-00114,DIO-ARRAY-TVS4-V1_1_SON50P100X2,T,38.1962,104.5483,90.0
E4,1140-00114,DIO-ARRAY-TVS4-V1_1_SON50P100X2,T,33.7962,104.6543,90.0
FB4741,1105-00070,BD_0_FB2012_HCB 2012KF-800T50,T,87.9462,52.7293,90.0
FB4742,1105-00070,BD_0_FB2012_HCB 2012KF-800T50,T,75.2,42.05,270.0
L101,1215-00023,L_L1005_DISCRETE_0R,T,86.0962,105.5793,0.0
PC110,1120-00037,C3225_5_C2012_10UF/16V,T,22.2483,99.8038,180.0
PC111,1120-00037,C3225_5_C2012_10UF/16V,T,22.2483,101.8038,180.0
PC157,1120-00221,C3225_5_C1608_22UF/6.3V,T,46.4,31.0,0.0
PC164,1120-00037,C3225_5_C2012_10UF/16V,T,32.7,28.75,0.0
PC165,1120-00221,C3225_5_C1608_22UF/6.3V,T,46.4,29.4,0.0
PC166,1120-00221,C3225_5_C1608_22UF/6.3V,T,46.4,27.8,0.0
PC167,1120-00023,C3225_5_C1005_100NF,T,20.4,32.7,90.0
PC168,1120-00037,C3225_5_C2012_10UF/16V,T,14.8,29.1,90.0
PC169,1120-00023,C3225_5_C1005_100NF,T,15.9,32.9,270.0
PC171,1120-00221,C3225_5_C1608_22UF/6.3V,T,29.3,31.05,0.0
PC172,1120-00221,C3225_5_C1608_22UF/6.3V,T,29.3,29.45,0.0
PC173,1120-00023,C3225_5_C1005_100NF,T,78.125,59.775,90.0
PC174,1120-00037,C3225_5_C2012_10UF/16V,T,74.475,54.6,0.0
PC175,1120-00037,C3225_5_C2012_10UF/16V,T,74.475,56.575,0.0
PC176,1120-00023,C3225_5_C1005_100NF,T,74.725,58.025,0.0
PC178,1120-00023,C3225_5_C1005_100NF,T,12.85,89.6,0.0
PC179,1120-00037,C3225_5_C2012_10UF/16V,T,8.9,94.25,270.0
PC180,1120-00037,C3225_5_C2012_10UF/16V,T,10.85,94.25,270.0
PC181,1120-00023,C3225_5_C1005_100NF,T,12.3,93.95,270.0
PC185,1120-00305,C3225_7_C2012_22UF/10V,T,20.8,83.9,270.0
PC26,1120-00221,C3225_5_C1608_22UF/6.3V,T,27.6962,86.3483,0.0
PC50,1120-00037,C3225_5_C2012_10UF/16V,T,32.7,30.75,0.0
PC51,1120-00037,C3225_5_C2012_10UF/16V,T,16.8,29.1,90.0
PC52,1120-00023,C3225_5_C1005_100NF,T,32.9,32.2,0.0
PC54,1120-00023,C3225_5_C1005_100NF,T,37.9,32.7,90.0
PC55,1120-00221,C3225_5_C1608_22UF/6.3V,T,78.975,66.175,180.0
PC56,1120-00221,C3225_5_C1608_22UF/6.3V,T,78.975,67.775,180.0
PL60,1180-00417,COIL_DIP_SWPA5040_2.2UH,T,23.55,29.1,0.0
PL61,1180-00419,COIL_DIP_SWPA5040_4.7UH,T,81.45,61.6,90.0
PR120,1215-00023,R1608_R1005_0R,T,34.65,35.95,90.0
PR121,1215-00401,R1608_R1005_10KF,T,35.65,35.95,270.0
PR123,1215-00023,R1608_R1005_0R,B,17.8,32.6,270.0
PR126,1215-00023,R1608_R1005_0R,T,17.5,36.0,90.0
PR127,1215-00401,R1608_R1005_10KF,T,18.5,36.0,270.0
PR129,1215-00023,R1608_R1005_0R,B,75.975,60.275,270.0
PR131,1215-00401,R1608_R1005_10KF,T,75.85,64.1,180.0
PR132,1215-00349,R1608_R1005_120K,B,10.95,91.95,90.0
PR133,1215-00023,R1608_R1005_0R,B,13.3,91.55,180.0
PR134,1215-00422,R1608_R1005_39K,B,11.95,91.95,270.0
PR135,1215-00023,R1608_R1005_0R,T,16.2,92.6,0.0
PR2,1215-00401,R1608_R1005_10K/F,B,71.5962,92.0983,270.0
PR52,1215-00023,R1608_R1005_0R,B,35.3,32.6,270.0
PR57,1215-00023,R1608_R1005_0R,T,75.85,63.15,0.0
PU62,1175-01447,TPS62110-QFN16H_4_SOT-563_IC_TP,T,17.85,33.15,0.0
PU63,1175-01447,TPS62110-QFN16H_4_SOT-563_IC_TP,T,75.975,60.775,0.0
Q1713,1240-00057,NPN_0_SOT23_3P_LMBT2222ALT1G,T,22.3538,14.2957,270.0
R11,1215-00023,R0402_R1005_0R,B,55.1983,56.7538,315.0
R112,1215-00023,R0402_R1005_0R,T,43.7293,47.2168,180.0
R113,1215-00401,R0402_R1005_10K/F,T,38.05,17.05,180.0
R115,1215-00848,R1608_R1005_2.7K/F,B,53.9017,95.7538,180.0
R117,1215-00023,R0402_R1005_0R,T,43.65,17.05,0.0
R118,1215-00104,R0402_R1005_1K/F,T,35.1,23.0,90.0
R119,1215-00023,R0402_R1005_0R,T,35.1,19.2,90.0
R12,1215-00023,R0402_R1005_0R,B,55.0483,66.3538,45.0
R14,1215-00023,R0402_R1005_0R,B,58.9983,61.1038,45.0
R15,1215-00023,R0402_R1005_0R,T,42.6,76.65,180.0
R151,1215-00083,RES_R2012_DISCRETE_150R_,T,25.9457,10.9462,90.0
R153,1215-00340,R1608_R1005_2.2K/F,T,21.6962,16.4483,0.0
R154,1215-00433,R1608_1_R1005_100R/F,B,61.4,9.8,90.0
R155,1215-00186,R1608_1_R1005_33R,B,59.1,8.45,90.0
R16,1215-00023,R0402_R1005_0R,B,58.55,63.7,45.0
R17,1215-00023,R0402_R1005_0R,T,48.6189,75.275,0.0
R18,1215-00023,R0402_R1005_0R,B,59.6483,60.4538,45.0
R19,1215-00023,R0402_R1005_0R,T,41.0063,46.6228,90.0
R2,1215-00407,R0402_R1005_4.7K/F,T,59.45,18.55,90.0
R22,1215-00407,R1608_R1005_4.7K/F,B,60.05,8.45,270.0
R24,1215-00104,R0402_R1005_1K/F,T,23.0483,67.9588,90.0
R2467,1215-00598,RES_R1005_DISCRETE_604R/F,B,65.4462,90.1983,180.0
R2468,1215-00417,RES_R1005_DISCRETE_27K/F,B,64.85,87.2,0.0
R2469,1215-00952,RES_R1005_DISCRETE_43K/F,B,62.4962,89.2483,180.0
R2470,1215-00548,RES_R1005_DISCRETE_68K/F,B,72.5462,90.6483,0.0
R2471,1215-00023,RES_R1005_DISCRETE_0R,B,70.1462,91.6983,0.0
R2472,1215-00401,RES_R1005_DISCRETE_10K/F,B,61.6462,91.1483,180.0
R2473,1215-00442,RES_R1005_DISCRETE_20K/F,B,64.9462,91.0983,180.0
R2474,1215-00351,RES_R1005_DISCRETE_2K/F,B,62.9962,91.4983,90.0
R25,1215-00407,R0402_R1005_4.7K/F,B,49.425,29.025,270.0
R26,1215-00407,R0402_R1005_4.7K/F,B,50.45,29.025,270.0
R263,1215-00407,R_R1005_DISCRETE_4.7K/F,B,81.525,70.425,180.0
R27,1215-00407,R0402_R1005_4.7K/F,B,50.25,35.4,180.0
R29,1215-00496,R0402_R1005_1.8K/F,B,38.0462,102.3483,270.0
R3,1215-00407,R0402_R1005_4.7K/F,T,58.15,18.55,90.0
R32,1215-00186,R0402_R1005_33R,T,38.0462,102.3483,270.0
R33,1215-00104,R0402_R1005_1K/F,T,40.0,17.05,0.0
R34,1215-00401,R0402_R1005_10K/F,T,45.5,17.05,0.0
R35,1215-00186,R0402_R1005_33R,T,38.9462,102.3483,270.0
R36,1215-00401,R0402_R1005_10K/F,T,39.9,102.35,270.0
R46,1215-00823,R1608_R1005_47R/F,B,97.2452,61.7025,0.0
R47,1215-00823,R1608_R1005_47R/F,B,98.5962,59.3793,90.0
R48,1215-00823,R1608_R1005_47R/F,B,99.5462,59.4293,90.0
R5232,1215-00401,R0402_R1005_10K/F,B,35.3,29.8,90.0
R5233,1215-00401,R0402_R1005_10K/F,B,19.75,30.85,90.0
R6,1215-00407,R0402_R1005_4.7K/F,T,52.401,18.55,90.0
R6492,1215-00482,R1608_R1005_1.2K/F,T,34.0538,15.4457,90.0
R6493,1215-00081,R_4_R1608_150R/F,T,28.3957,10.3462,270.0
R6499,1215-00351,R0402_R1005_2K/F,T,78.45,11.65,0.0
R6500,1215-00351,R0402_R1005_2K/F,T,65.55,11.45,90.0
R6508,1215-00401,R1608_R1005_10K/F,B,99.5462,57.6793,270.0
R6512,1215-00351,R0402_R1005_2K/F,T,88.05,11.25,180.0
R6515,1215-00417,R1608_R1005_27K/F,B,100.95,59.2,180.0
R6516,1215-00450,R1608_R1005_100K/F,T,95.3962,60.7793,90.0
R6517,1215-00401,R1608_R1005_10K/F,T,104.05,64.4,0.0
R6518,1215-00450,R1608_R1005_100K/F,T,97.2462,61.7293,180.0
R6523,1215-01057,R1608_R3216_3.9K/F,T,95.1462,83.0543,180.0
R6527,1120-00012,R1608_1_R1608_10PF,T,98.2,35.3,0.0
R6528,1215-00024,R1608_1_R1608_0,T,94.15,35.3,180.0
R6536,1215-00023,R1608_1_R1005_0R,T,76.0938,34.5245,180.0
R6537,1215-00023,R1608_1_R1005_0R,T,76.1,35.4495,180.0
R7,1215-00407,R0402_R1005_4.7K/F,T,53.55,18.55,90.0
RS10,1215-00928,R0402_R1005_82R/F,T,35.5573,48.5278,45.0
RS11,1215-00994,RN0402_0_RN-8P-0402_82R,T,38.1483,49.9368,315.0
RS12,1215-00823,R0402_R1005_47R/F,T,51.299,18.55,90.0
RS13,1215-00528,R0402_R1005_75R/F,T,58.4273,59.6908,0.0
RS14,1215-00528,R0402_R1005_75R/F,T,58.4773,58.1938,0.0
RS15,1215-00023,R0402_R1005_0R,T,37.8433,47.0038,45.0
RS16,1215-00023,R0402_R1005_0R,T,38.6053,46.2418,45.0
RS17,1215-00823,R0402_R1005_47R/F,T,54.7,46.5,270.0
RS18,1215-00823,R0402_R1005_47R/F,T,54.6733,48.4288,270.0
RS2,1215-00928,R0402_R1005_82R/F,T,32.4463,69.1648,0.0
RS21,1215-00104,R0402_R1005_1K/F,T,58.3483,55.8538,315.0
RS30,1215-00851,R0402_R1005_5.1R/F,T,29.7962,102.0983,270.0
RS31,1215-00851,R0402_R1005_5.1R/F,T,30.7962,99.3483,270.0
RS32,1215-00851,R0402_R1005_5.1R/F,T,31.7462,99.3483,270.0
RS33,1215-00851,R0402_R1005_5.1R/F,T,32.5462,102.1483,270.0
RS34,1215-00851,R0402_R1005_5.1R/F,T,33.4962,102.1483,270.0
RS35,1215-00851,R0402_R1005_5.1R/F,T,34.3962,99.3983,270.0
RS36,1215-00851,R0402_R1005_5.1R/F,T,35.3462,99.3983,270.0
RS37,1215-00823,R0402_R1005_47R/F,T,61.7143,47.5438,270.0
RS38,1215-00823,R0402_R1005_47R/F,T,60.7943,47.5438,270.0
RS4,1215-00994,RN0402_0_RN-8P-0402_82R,T,37.7803,71.7048,225.0
RS5,1215-00186,R0402_R1005_33R,T,52.9,48.45,270.0
RS6,1215-00994,RN0402_0_RN-8P-0402_82R,T,34.8593,70.1178,270.0
RS7,1215-00994,RN0402_0_RN-8P-0402_82R,T,36.9923,52.5538,315.0
RS8,1215-00823,R0402_R1005_47R/F,T,54.65,18.55,90.0
RS9,1215-00928,R0402_R1005_82R/F,T,34.7953,49.2898,45.0
SW2,1235-00067,SW2_0_SW4P-SMD-W4_6-NTH0_5_TMSV,T,78.5001,6.55,90.0
SW3,1235-00067,SW2_0_SW4P-SMD-W4_6-NTH0_5_TMSV,T,66.0001,6.55,90.0
TC11,1120-00016,C_C1005_DISCRETE_1NF/50V,B,65.25,47.15,0.0
TC13,1120-00049,C_C1005_DISCRETE_15PF/50V,T,59.7983,57.8038,270.0
TC14,1120-00013,C_C1005_DISCRETE_100PF/50V,T,80.1462,95.9543,180.0
TC18,1120-00023,C_C1005_DISCRETE_100NF/16V,T,89.1462,98.8543,0.0
TC19,1120-00049,C_C1005_DISCRETE_15PF/50V,T,59.7483,60.1038,90.0
TC2,1120-00049,C_C1005_DISCRETE_15PF/50V,T,80.6462,100.7543,90.0
TC21,1120-00016,C_C1005_DISCRETE_1NF/50V,T,82.5962,104.3043,90.0
TC22,1120-00023,C_C1005_DISCRETE_100NF/16V,T,90.7462,82.8483,0.0
TC26,1120-00013,C_C1005_DISCRETE_100PF/50V,B,97.6462,57.6293,90.0
TC28,1120-00023,C_C1005_DISCRETE_100NF/16V,T,61.0983,58.2038,180.0
TC32,1120-00023,C_C1005_DISCRETE_100NF/16V,T,61.0983,59.7038,180.0
TC33,1120-00013,C_C1005_DISCRETE_100PF/50V,B,95.5103,61.1288,270.0
TC5,1120-00087,C_C1005_DISCRETE_27PF/50V,T,88.7962,96.3043,270.0
TC7,1120-00013,C_C1005_DISCRETE_100PF/50V,T,81.9962,95.9543,0.0
TR10,1215-00401,R_R1005_DISCRETE_10K/F,T,84.0202,103.8843,0.0
TR11,1215-00104,R_R1005_DISCRETE_1K/F,T,81.1962,103.9043,0.0
TR12,1215-00351,R_R1005_DISCRETE_2K/F,B,97.2462,60.7293,0.0
TR14,1215-00351,R_R1005_DISCRETE_2K/F,B,97.6462,59.3793,90.0
TR2,1215-00104,R_R1005_DISCRETE_1K/F,B,65.65,43.9,270.0
TR6,1215-00433,R_R1005_DISCRETE_100R/F,T,81.5762,97.3323,270.0
TR7,1215-00546,R_R1005_DISCRETE_68R,T,82.0962,100.3543,180.0
TR8,1215-00433,R_R1005_DISCRETE_100R/F,T,80.5262,97.3323,270.0
TR9,1215-00104,R_R1005_DISCRETE_1K/F,B,65.65,45.7,270.0
U205,1175-01709,TPS62110-QFN16H_2_TSSOP8P-P0_5-,T,81.681,72.75,0.0
Y2,1255-00136,XTAL-1G3G_XTALS4_3M2X2M5_DISCRE,T,86.0962,96.2543,90.0
9 EA,Change Description/Cost Reduction,,,,,
BC1,1120-00168,C0603_C1005_1UF/10V,B,50.7483,57.0038,315.0
BC3,1120-00097,C0603_C1005_33PF/50V,T,61.3983,55.0538,315.0
BC42,1120-00464,C0603_C1608_10UF/10V,T,13.8483,58.5178,90.0
BC62,1120-00408,C0603_C1608_4.7UF/16V,B,56.8983,62.0538,45.0
C10,1120-00059,CAP_C1005_DISCRETE_180PF/50V,B,72.5462,88.7483,180.0
C105,1120-00074,C1608_C1608_22NF/50V,T,104.3462,61.8293,0.0
C11,1120-00037,CAP_C2012_DISCRETE_10UF/16V,B,69.1212,86.2983,270.0
C2,1120-00035,CAP NP_C1608_10UF/6.3V,B,62.1,8.2,0.0
C3,1120-00023,CAP NP_0_C1005_100NF/16V,B,61.75,6.95,180.0
C354,1120-00165,C3225_5_C1005_10NF/50V,T,18.6462,97.0983,90.0
C4,1120-00013,CAP NP_0_C1005_100PF/50V,B,59.65,7.0,0.0
C40,1120-00160,C1608_C3225_10UF/35V/3225,T,97.2,75.3,90.0
C5,1120-00016,C_C1005_DISCRETE_1NF/50V,T,103.7957,86.1462,0.0
C5100,1120-00421,C1608_C1608_220NF/50V,T,101.4962,59.6293,90.0
C5101,1120-00374,C1608_C1005_100NF/50V,T,96.3462,63.5293,90.0
C5118,1180-00541,"CAP NP_0_C1608_68NH,1608",T,100.25,36.0,90.0
C6,1120-00170,CAP_C1608_DISCRETE_1UF/25V,T,60.9712,92.1983,180.0
C89,1120-00066,CAP_C1005_DISCRETE_22PF/50V,B,70.1462,89.2483,270.0
CN4,1130-00198,CON_HDMI_SMD_0_HDMI_SOCKET_CSS5,T,33.9962,112.7043,180.0
D1,1145-00107,DIO-TVS-BIPOLAR_0_SMCJ20A_SMCJ2,T,101.85,96.3,270.0
D104,1145-00120,95SQ015/TO_SMA-B320A-B360A_SS14,T,94.65,89.05,180.0
D105,1145-00140,95SQ015/TO_SMA-B320A-B360A_SM34,T,88.1712,70.8293,270.0
D29,1145-00109,DIO-TVS-BIPOLAR_0_DO214AC-SMA_D,T,13.2957,102.6962,0.0
D7,1145-00047,DIO-TVS-BIPOLAR_0_SOD923-12_PDF,T,69.2017,101.3462,90.0
E3,1140-00114,DIO-ARRAY-TVS4-V1_1_SON50P100X2,T,30.1962,104.6543,90.0
EC2,1125-00139,CE_ALCAP6_3_DISCRETE_220UF/16V_,T,63.0022,99.4483,0.0
F3,1175-01499,MP62055_0_SOT23_5P_EMS6030A,T,54.3983,95.0038,180.0
FB14,1105-00070,BD_0_FB2012_HCB 2012KF-800T50,T,88.2043,48.7288,90.0
FB3,1105-00075,FB_L1608_DISCRETE_HCB 1608KF-30,T,69.4,30.075,90.0
J503,1135-00289,CON RF 3PIN_0_MHF-20279_CON RF,T,97.4,25.8,180.0
L4815,1180-00427,COIL_DIP_SPE8040_HPC8040NC-6R8M,T,89.5212,61.9293,180.0
L8,1140-00024,THERMAL FUSE_L3216_SMD1206P020T,T,42.4502,103.5953,90.0
PC184,1120-00305,C3225_7_C2012_22UF/10V,T,18.8,83.9,270.0
PC25,1120-00221,C3225_5_C1608_22UF/6.3V,T,80.575,76.9,90.0
PL51,1180-00419,COIL_DIP_SWPA5040_4.7UH,T,14.0,86.2,0.0
PL59,1180-00417,COIL_DIP_SWPA5040_2.2UH,T,40.65,29.05,0.0
PR118,1215-00955,R1608_R1005_4.53K/F,T,37.2,36.35,180.0
PR124,1215-00992,R1608_R1005_8.66KF,T,19.9,36.4,180.0
PR128,1215-00349,R1608_R1005_120K,B,75.575,58.925,180.0
PR13,1215-00848,R1608_R1005_2.7K/F,B,53.5038,93.3983,90.0
PR130,1215-00360,R1608_R1005_30.9KF,T,77.65,63.15,180.0
PR51,1215-00422,R1608_R1005_39K,B,75.025,60.275,270.0
PR55,1215-00537,R1608_R1005_52.3KF,T,18.55,92.25,90.0
PR56,1215-00401,R1608_R1005_10KF,T,17.55,93.05,90.0
PU51,1175-01447,TPS62110-QFN16H_4_SOT-563_IC_TP,T,13.85,91.55,270.0
PU61,1175-01448,TPS62110-QFN16H_4_SOT-563_IC__1,T,35.35,33.15,0.0
Q1706,1240-00057,NPN_0_SOT23_3P_LMBT2222ALT1G,T,31.1962,10.4983,180.0
Q1710,1240-00061,PNP_3_SOT23_123_LMBT2907ALT1G,T,29.6457,14.8462,180.0
R1,1215-00407,R0402_R1005_4.7K/F,T,60.55,18.55,90.0
R10,1215-00023,R0402_R1005_0R,B,52.5153,66.4428,315.0
R13,1215-00264,R0402_R1005_6.8K/F,B,53.7483,63.3538,45.0
R139,1215-00081,R_4_R1608_150R/F,T,26.3962,13.8733,180.0
R140,1215-00024,R_4_R1608_0R,T,26.4038,15.9957,0.0
R141,1215-00340,R_4_R1005_2.2K,T,33.0962,15.4483,90.0
R145,1215-00482,R1608_R1005_1.2K/F,T,32.1038,15.4457,270.0
R150,1215-00083,RES_R2012_DISCRETE_150R_,T,21.3017,10.9462,270.0
R152,1215-00025,R1608_R2012_0R,T,23.3017,10.9462,90.0
R20,1215-00505,R0402_R1005_240R/F,T,20.0913,51.9688,270.0
R21,1215-00433,R0402_R1005_100R/F,T,21.5313,53.4808,180.0
R23,1215-00104,R0402_R1005_1K/F,T,22.5403,65.1648,0.0
R2464,1215-00598,RES_R1005_DISCRETE_604R/F,B,69.6962,90.5983,0.0
R2465,1215-00417,RES_R1005_DISCRETE_27K/F,B,72.5462,87.7983,180.0
R2466,1215-00952,RES_R1005_DISCRETE_43K/F,B,72.5462,89.6983,0.0
R28,1215-00496,R0402_R1005_1.8K/F,B,37.1462,102.3483,270.0
R31,1215-00186,R0402_R1005_33R,T,37.1462,102.3483,270.0
R38,1215-00404,R0402_R1005_30K/F,T,34.1,19.2,270.0
R40,1215-00351,R0402_R1005_2K/F,T,43.7493,46.1148,180.0
R41,1215-00528,R0402_R1005_75R/F,T,59.1017,94.4462,90.0
R43,1215-00450,R0402_R1005_100K/F,T,68.0517,101.2962,90.0
R44,1215-00823,R1608_R1005_47R/F,T,95.3962,62.4793,270.0
R45,1215-01065,R1608_R1005_14K/F,T,104.1462,60.6293,0.0
R5,1215-00401,R0402_R1005_10K/F,T,55.85,18.55,270.0
R64,1215-00548,RES_R1005_DISCRETE_68K/F,B,62.4962,90.1983,180.0
R6519,1215-00224,R1608_R1005_47K/F,T,97.2462,60.7293,0.0
R6520,1215-00044,R1608_R1608_100R/F,T,103.95,65.8,180.0
R6521,1215-00421,R1608_R1005_33K/F,T,102.6962,60.0793,90.0
R6522,1215-01057,R1608_R3216_3.9K/F,T,95.1462,85.8543,180.0
R6526,1120-00012,R1608_1_R1608_10PF/1608,T,94.25,32.25,180.0
R8,1215-00442,R0402_R1005_20K/F,B,53.8953,55.1978,315.0
RS1,1215-00928,R0402_R1005_82R/F,T,36.2433,73.3178,0.0
RS29,1215-00851,R0402_R1005_5.1R/F,T,28.8462,102.0983,270.0
RS3,1215-00994,RN0402_0_RN-8P-0402_82R,T,41.1893,71.3168,225.0
SH1,1285-00584,T POINT F_SHIELD_CAN_PAD_SHIELD,T,7.5,78.5,0.0
SW1,1235-00067,SW2_0_SW4P-SMD-W4_6-NTH0_5_TMSV,T,91.0001,6.55,90.0
T30,1120-00049,C_C1005_DISCRETE_15PF/50V,T,80.6462,102.5043,90.0
TC20,1120-00224,C_C1005_DISCRETE_8.2PF/50V,T,82.2462,112.6083,180.0
TC3,1120-00087,C_C1005_DISCRETE_27PF/50V,T,83.4662,96.3513,90.0
TC6,1120-00109,C_C1005_DISCRETE_47PF/50V,T,89.1462,99.9043,0.0
TC8,1120-00009,C_C1005_DISCRETE_0.5PF/50V,T,81.1462,108.5033,180.0
TL1,1180-00686,L_L2012_DISCRETE_22UH,T,87.7212,81.4793,0.0
TR5,1215-00546,R_R1005_DISCRETE_68R,T,82.1222,102.0743,180.0
U1,1175-01441,M3533_1_LQFP128_P0_4_B14X14_EP7,T,45.4633,61.1008,225.0
U206,1175-01226,NT5CB64M16DP-CF_BGA96N_P08_W9X1,T,22.7503,59.4477,270.0
U207,1175-01673,MP8128_1_QFN3X3_20P_040_MP8128,T,100.5462,63.4793,270.0
U5,1175-01268,M3031_0_QFN16-P0_5-B3X3-EP1_7_M,T,85.7462,100.6533,270.0
U7,1175-01452,CH455G_0_SOP127_060_16P_ET6226M,T,64.5517,31.0532,270.0
U8,1175-01709,TPS62110-QFN16H_2_TSSOP8P-P0_5-,T,23.8962,85.4483,270.0
U81,1175-01712,MX35LF1GE4AB-Z4I_3_LGA8P_6X8_S3,T,51.7962,31.504,0.0
U83,1175-01510,AMP-DRV603-TSOP14_TSSOP14-065-6,T,67.5962,91.0983,90.0
W1,1325-00046,TPS62110-QFN16H_1_6192E-UC_IC_F,T,90.75,40.9,180.0
Y1,1255-00136,XTAL-1G3G_XTALS4_3M2X2M5_DISCRE,T,59.4983,53.0038,315.0
